,num of Non-working day
2015-01,10
2015-02,8
2015-03,9
2015-04,10
2015-05,13
2015-06,8
2015-07,8
2015-08,10
2015-09,8
2015-10,10
2015-11,9
2015-12,10
2016-01,11
2016-02,8
2016-03,10
2016-04,9
2016-05,12
2016-06,8
2016-07,10
2016-08,8
2016-09,8
2016-10,11
2016-11,8
2016-12,11
2017-01,9
2017-02,8
2017-03,8
2017-04,12
2017-05,10
2017-06,9
2017-07,10
2017-08,8
2017-09,9
2017-10,11
2017-11,8
2017-12,12
2018-01,9
2018-02,8
2018-03,10
2018-04,10
2018-05,11
2018-06,9
2018-07,9
2018-08,8
2018-09,10
2018-10,9
2018-11,8
2018-12,12
2019-01,9
2019-02,8
2019-03,10
2019-04,10
2019-05,10
2019-06,11
2019-07,8
2019-08,9
2019-09,9
2019-10,9
2019-11,9
2019-12,11
2020-01,9
2020-02,9
2020-03,9
2020-04,10
2020-05,12
2020-06,9
2020-07,8
2020-08,10
2020-09,8
2020-10,10
2020-11,9
2020-12,10
